month,Promedio
enero,00:11:18.378889
febrero,00:12:08.329574
marzo,00:15:32.661844
abril,00:15:33.854228
mayo,00:18:32.025973
junio,00:18:10.715576
julio,00:20:16.517808
agosto,00:19:13.272276
septiembre,00:18:16.969283
octubre,00:16:10.924142
noviembre,00:13:03.795072
diciembre,00:12:37.013946
